Workbook

Sheet 진단_체크리스트
A1: AI 노출 진단 — 숯꾸이 · 가마솥 (2026-10-18)
A2: 상태: 1=충족, 0=미충족, 빈칸=미확인(사장님·직접 확인 필요). 점수는 가중치 × 상태 합계 ÷ 확인된 항목 가중치.
A4: # | B4: 항목 | C4: 가중치(1~5) | D4: 숯꾸이 | E4: 가마솥 | F4: 확인 방법 / 근거 | G4: 개선 방법
A5: 1 | B5: 메뉴·가격 글자가 HTML 안에 들어 있다 (JS 없이 읽힘) | C5: 5 | D5: 0 | E5: 0 | F5: 저장소 index.html 확인: <main id="menu"></main>가 비어 있고 menu.js가 브라우저에서 채움. AI 크롤러 상당수는 JS를 실행하지 않음 | G5: 빌드 때 메뉴를 정적 HTML로 미리 그려 넣기(prerender)
A6: 2 | B6: Restaurant 구조화 데이터(JSON-LD) 있음 | C6: 5 | D6: 0 | E6: 0 | F6: index.html에 application/ld+json 없음 | G6: 주소·전화·영업시간·메뉴·가격을 schema.org로 추가
A7: 3 | B7: 가게별 고유 도메인 (vercel.app 아님) | C7: 3 | D7: 0 | E7: 0 | F7: 현재 *-menu.vercel.app 서브도메인 | G7: 가게 이름 도메인 연결(.com/.vn)
A8: 4 | B8: robots.txt · sitemap.xml 있음 | C8: 3 | D8: 0 | E8: 0 | F8: 두 폴더에 파일 없음 | G8: 추가, AI 크롤러(GPTBot 등) 허용 명시
A9: 5 | B9: 제목·설명이 검색 질문과 맞다 | C9: 3 | D9: 0 | E9: 0 | F9: 제목이 '숯꾸이 메뉴' / '가마솥 GAMASOT 메뉴'처럼 짧고 한국어만. 설명은 있음 | G9: '박닌 한국식 고깃집 숯꾸이 — 삼겹살·소고기' 식으로 지역+종류+대표 메뉴
A10: 6 | B10: OG 태그 · canonical · hreflang(다국어) 있음 | C10: 2 | D10: 0 | E10: 0 | F10: index.html에 없음. 5개 언어가 한 주소에서 JS로만 바뀜 | G10: 언어별 주소(/vi,/en…)와 hreflang
A11: 7 | B11: 메뉴 정보의 풍부함 (가격·원산지·사진·5개 언어) | C11: 3 | D11: 1 | E11: 1 | F11: menu.js에 5개 언어 이름·가격·설명 있음 (가마솥은 사진·S/L·팁까지) | G11: 정적 HTML로만 노출되면 큰 강점
A12: 8 | B12: 주소·전화·와이파이 등 기본 정보 정확 | C12: 2 | D12: 1 | E12: 1 | F12: menu.js의 address·phone 있음 | G12: 영업시간·휴무일·주차 추가
A13: 9 | B13: 가게 찾기 페이지에 등록 (외부 링크 1개) | C13: 1 | D13: 1 | E13: 1 | F13: sales/stores/data.js에 두 곳 등록됨 | G13: —
A14: 10 | B14: 구글 지도(Business Profile) 등록·리뷰 | C14: 5 | F14: 검색 도구로 확인 불가 → 사장님께 구글 지도 링크·리뷰 수 확인 | G14: 프로필 정비, 사진, 메뉴 링크, 리뷰 응답
A15: 11 | B15: Foody · Facebook · 현지 맛집 목록에 등장 | C15: 4 | F15: '숯꾸이 190 Nguyễn Cao' 검색 시 Foody의 같은 거리 다른 가게만 나옴 / 가마솥은 하노이 결과 없음 | G15: Foody·Facebook 페이지 등록, 블로거 방문 유도
A16: 12 | B16: 베트남어 이름·주소 표기가 외부에서 일치 (NAP) | C16: 3 | F16: 가게마다 지도·SNS 표기가 다른지 확인 필요 | G16: 표기 하나로 통일
B18: AI 노출 준비도 점수 (0~100) | D18: =IFERROR(SUMPRODUCT($C$5:$C$16,D5:D16)/SUMPRODUCT($C$5:$C$16,--ISNUMBER(D5:D16))*100,0) -> 22.222222 | E18: =IFERROR(SUMPRODUCT($C$5:$C$16,E5:E16)/SUMPRODUCT($C$5:$C$16,--ISNUMBER(E5:E16))*100,0) -> 22.222222
B19: 확인된 항목 수 / 전체 | D19: =COUNT(D5:D16)&" / "&ROWS(D5:D16) -> 9 / 12 | E19: =COUNT(E5:E16)&" / "&ROWS(E5:E16) -> 9 / 12
B20: 주의: 점수는 '확인된 항목'만으로 계산합니다. 빈칸(미확인) 3~4개를 채우면 점수가 달라집니다.

Sheet 질문테스트
A1: AI에게 직접 물어보기 — 기록표
A2: ChatGPT·Gemini·Perplexity·네이버에서 아래 질문을 같은 문장으로 하고, 가게가 나오면 1 / 안 나오면 0 입력 (다른 날 한 번 더 반복 권장).
A3: 입력 방법: | B3: 노란 칸(F~I)에만 0 또는 1 입력. 3행 아래 첫 줄은 예시(점수 계산 제외).
A5: 가게 | B5: 언어 | C5: 질문 | D5: 기대 가게 | F5: ChatGPT | G5: Gemini | H5: Perplexity | I5: 네이버 | J5: 노출 횟수
A6: (예시) | B6: ko | C6: 박닌에서 한국식 삼겹살 맛집 알려줘 | D6: 숯꾸이 | F6: 1 | G6: 0 | H6: 0 | I6: 0 | J6: =SUM(F6:I6) -> 1
A7: 숯꾸이 | B7: ko | C7: 박닌에서 한국식 삼겹살 맛집 알려줘 | D7: 숯꾸이 | J7: =SUM(F7:I7) -> 0
A8: 숯꾸이 | B8: vi | C8: Quán thịt nướng Hàn Quốc ngon ở Bắc Ninh | D8: 숯꾸이 | J8: =SUM(F8:I8) -> 0
A9: 숯꾸이 | B9: en | C9: Best Korean BBQ in Bac Ninh, Vietnam | D9: 숯꾸이 | J9: =SUM(F9:I9) -> 0
A10: 숯꾸이 | B10: ko | C10: 박닌 소고기 구이 한국인 사장 식당 | D10: 숯꾸이 | J10: =SUM(F10:I10) -> 0
A11: 숯꾸이 | B11: vi | C11: Nhà hàng Hàn Quốc Bắc Ninh gần Nguyễn Cao | D11: 숯꾸이 | J11: =SUM(F11:I11) -> 0
A12: 가마솥 | B12: ko | C12: 하노이 송다 한식당 갈비찜 맛집 | D12: 가마솥 | J12: =SUM(F12:I12) -> 0
A13: 가마솥 | B13: vi | C13: Nhà hàng Hàn Quốc ở Sông Đà Nam Từ Liêm | D13: 가마솥 | J13: =SUM(F13:I13) -> 0
A14: 가마솥 | B14: en | C14: Korean restaurant near My Dinh Hanoi galbi jjim | D14: 가마솥 | J14: =SUM(F14:I14) -> 0
A15: 가마솥 | B15: ko | C15: 하노이 미딩 가족 모임 한식 수육 소꼬리찜 | D15: 가마솥 | J15: =SUM(F15:I15) -> 0
A16: 가마솥 | B16: vi | C16: Quán Hàn Quốc ở Hà Nội ăn sườn bò hầm | D16: 가마솥 | J16: =SUM(F16:I16) -> 0
A18: 노출률 (질문 × 도구 중 가게가 나온 비율)
A19: 숯꾸이 | C19: =IFERROR(SUMIFS($J$7:$J$16,$A$7:$A$16,A19)/(COUNTIFS($A$7:$A$16,A19)*4),0) -> 0 | D19: 0%면 진단 완료 후 '안 나옴' 증거로 사장님께 보여주기
A20: 가마솥 | C20: =IFERROR(SUMIFS($J$7:$J$16,$A$7:$A$16,A20)/(COUNTIFS($A$7:$A$16,A20)*4),0) -> 0

Sheet 가정
A1: 수익성 가정 (파란 글씨 = 입력, 바꾸면 모든 시트가 다시 계산됩니다)
A2: 모든 숫자는 제가 둔 가정이며 실제 계약·원가로 교체해야 합니다. 통화: 원(KRW).
A4: 선택한 시나리오 (1=보수 2=기본 3=낙관) | B4: 2
A6: 항목 | B6: 보수 | C6: 기본 | D6: 낙관 | E6: 선택값 | F6: 설명 / 근거
A7: 월 신규 고객 (곳) | B7: 1 | C7: 2.5 | D7: 4 | E7: =INDEX(B7:D7,1,$B$4) -> 2.5 | F7: 평균치 가정. 단계 1 시범에서 실제 전환율로 교체
A8: 월 이탈률 | B8: 0.1 | C8: 0.06 | D8: 0.04 | E8: =INDEX(B8:D8,1,$B$4) -> 0.06 | F8: 작은 가게 월 해지율 가정
A9: 월 단가 ARPU (원) | B9: 450000 | C9: 650000 | D9: 800000 | E9: =INDEX(B9:D9,1,$B$4) -> 650000 | F9: 30만(기본)/70만(표준)/150만(프리미엄) 혼합 가정
A10: 시범 기간 (개월) | B10: 3 | C10: 3 | D10: 3 | E10: =INDEX(B10:D10,1,$B$4) -> 3 | F10: 초기 고객에게 할인 적용 기간(모든 고객에 일괄 적용 단순화)
A11: 시범 할인율 | B11: 0.5 | C11: 0.5 | D11: 0.5 | E11: =INDEX(B11:D11,1,$B$4) -> 0.5 | F11: 시범 기간 중 ARPU 할인
A12: 고객당 월 변동비 (원) | B12: 120000 | C12: 100000 | D12: 90000 | E12: =INDEX(B12:D12,1,$B$4) -> 100000 | F12: 외주 제작·콘텐츠·측정 도구 사용분 (고객당)
A13: 월 고정비 — 도구·구독 (원) | B13: 300000 | C13: 300000 | D13: 300000 | E13: =INDEX(B13:D13,1,$B$4) -> 300000 | F13: AI 측정/모니터링, 도메인, 서버 등
A14: 월 영업·마케팅 (원) | B14: 300000 | C14: 200000 | D14: 200000 | E14: =INDEX(B14:D14,1,$B$4) -> 200000 | F14: 소개서 인쇄, 방문 교통비 등
A15: 인력 채용 시작 월 | B15: 9 | C15: 7 | D15: 5 | E15: =INDEX(B15:D15,1,$B$4) -> 7 | F15: 그 달부터 인건비 발생 (1월~12월 중 선택)
A16: 월 인건비 (원) | B16: 2500000 | C16: 2800000 | D16: 3000000 | E16: =INDEX(B16:D16,1,$B$4) -> 2800000 | F16: 베트남/한국 인력 혼합 가정, 실제 채용 조건으로 교체
A17: 초기 투자 (원) | B17: 2000000 | C17: 2000000 | D17: 2000000 | E17: =INDEX(B17:D17,1,$B$4) -> 2000000 | F17: 진단 도구·소개서·시범 제작 비용, 0개월 시점에 지출
A18: 환율 (VND / 1원) | B18: 18.5 | C18: 18.5 | D18: 18.5 | E18: =INDEX(B18:D18,1,$B$4) -> 18.5 | F18: 대략값 가정. 실제 환율로 교체

Sheet 수익성_12개월
A1: 12개월 수익성 시뮬레이션 (선택한 시나리오)
A2: 고객 수는 소수점 허용(기대값). 이익 = 매출 − 변동비 − 고정비 − 영업 − 인건비.
A3: 현재 시나리오: | B3: =CHOOSE(가정!$B$4,"보수","기본","낙관") -> 기본
A5: 항목 | B5: 1개월 | C5: 2개월 | D5: 3개월 | E5: 4개월 | F5: 5개월 | G5: 6개월 | H5: 7개월 | I5: 8개월 | J5: 9개월 | K5: 10개월 | L5: 11개월 | M5: 12개월
A6: 월 | B6: 1 | C6: 2 | D6: 3 | E6: 4 | F6: 5 | G6: 6 | H6: 7 | I6: 8 | J6: 9 | K6: 10 | L6: 11 | M6: 12
A7: 시작 고객 | B7: 0 | C7: =B10 -> 2.5 | D7: =C10 -> 4.85 | E7: =D10 -> 7.059 | F7: =E10 -> 9.13546 | G7: =F10 -> 11.087332 | H7: =G10 -> 12.922092 | I7: =H10 -> 14.646767 | J7: =I10 -> 16.267961 | ... M7: =L10 -> 20.570908
A8: 신규 | B8: =가정!$E$7 -> 2.5 | C8: =가정!$E$7 -> 2.5 | D8: =가정!$E$7 -> 2.5 | E8: =가정!$E$7 -> 2.5 | F8: =가정!$E$7 -> 2.5 | G8: =가정!$E$7 -> 2.5 | H8: =가정!$E$7 -> 2.5 | I8: =가정!$E$7 -> 2.5 | ... M8: =가정!$E$7 -> 2.5
A9: 이탈 | B9: =B7*가정!$E$8 -> 0 | C9: =C7*가정!$E$8 -> 0.15 | D9: =D7*가정!$E$8 -> 0.291 | E9: =E7*가정!$E$8 -> 0.42354 | F9: =F7*가정!$E$8 -> 0.5481276 | G9: =G7*가정!$E$8 -> 0.66523994 | H9: =H7*가정!$E$8 -> 0.77532555 | I9: =I7*가정!$E$8 -> 0.87880601 | ... M9: =M7*가정!$E$8 -> 1.2342545
A10: 종료 고객 | B10: =B7+B8-B9 -> 2.5 | C10: =C7+C8-C9 -> 4.85 | D10: =D7+D8-D9 -> 7.059 | E10: =E7+E8-E9 -> 9.13546 | F10: =F7+F8-F9 -> 11.087332 | G10: =G7+G8-G9 -> 12.922092 | H10: =H7+H8-H9 -> 14.646767 | I10: =I7+I8-I9 -> 16.267961 | ... M10: =M7+M8-M9 -> 21.836654
A11: 적용 ARPU (원) | B11: =가정!$E$9*IF(B$6<=가정!$E$10,1-가정!$E$11,1) -> 325000 | C11: =가정!$E$9*IF(C$6<=가정!$E$10,1-가정!$E$11,1) -> 325000 | D11: =가정!$E$9*IF(D$6<=가정!$E$10,1-가정!$E$11,1) -> 325000 | E11: =가정!$E$9*IF(E$6<=가정!$E$10,1-가정!$E$11,1) -> 650000 | F11: =가정!$E$9*IF(F$6<=가정!$E$10,1-가정!$E$11,1) -> 650000 | G11: =가정!$E$9*IF(G$6<=가정!$E$10,1-가정!$E$11,1) -> 650000 | H11: =가정!$E$9*IF(H$6<=가정!$E$10,1-가정!$E$11,1) -> 650000 | I11: =가정!$E$9*IF(I$6<=가정!$E$10,1-가정!$E$11,1) -> 650000 | ... M11: =가정!$E$9*IF(M$6<=가정!$E$10,1-가정!$E$11,1) -> 650000
A12: 매출 | B12: =B10*B11 -> 812500 | C12: =C10*C11 -> 1576250 | D12: =D10*D11 -> 2294175 | E12: =E10*E11 -> 5938049 | F12: =F10*F11 -> 7206766.1 | G12: =G10*G11 -> 8399360.1 | H12: =H10*H11 -> 9520398.5 | I12: =I10*I11 -> 10574175 | ... M12: =M10*M11 -> 14193825
A13: 변동비 | B13: =B10*가정!$E$12 -> 250000 | C13: =C10*가정!$E$12 -> 485000 | D13: =D10*가정!$E$12 -> 705900 | E13: =E10*가정!$E$12 -> 913546 | F13: =F10*가정!$E$12 -> 1108733.2 | G13: =G10*가정!$E$12 -> 1292209.2 | H13: =H10*가정!$E$12 -> 1464676.7 | I13: =I10*가정!$E$12 -> 1626796.1 | ... M13: =M10*가정!$E$12 -> 2183665.4
A14: 고정비(도구) | B14: =가정!$E$13 -> 300000 | C14: =가정!$E$13 -> 300000 | D14: =가정!$E$13 -> 300000 | E14: =가정!$E$13 -> 300000 | F14: =가정!$E$13 -> 300000 | G14: =가정!$E$13 -> 300000 | H14: =가정!$E$13 -> 300000 | I14: =가정!$E$13 -> 300000 | ... M14: =가정!$E$13 -> 300000
A15: 영업·마케팅 | B15: =가정!$E$14 -> 200000 | C15: =가정!$E$14 -> 200000 | D15: =가정!$E$14 -> 200000 | E15: =가정!$E$14 -> 200000 | F15: =가정!$E$14 -> 200000 | G15: =가정!$E$14 -> 200000 | H15: =가정!$E$14 -> 200000 | I15: =가정!$E$14 -> 200000 | ... M15: =가정!$E$14 -> 200000
A16: 인건비 | B16: =IF(B$6>=가정!$E$15,가정!$E$16,0) -> 0 | C16: =IF(C$6>=가정!$E$15,가정!$E$16,0) -> 0 | D16: =IF(D$6>=가정!$E$15,가정!$E$16,0) -> 0 | E16: =IF(E$6>=가정!$E$15,가정!$E$16,0) -> 0 | F16: =IF(F$6>=가정!$E$15,가정!$E$16,0) -> 0 | G16: =IF(G$6>=가정!$E$15,가정!$E$16,0) -> 0 | H16: =IF(H$6>=가정!$E$15,가정!$E$16,0) -> 2800000 | I16: =IF(I$6>=가정!$E$15,가정!$E$16,0) -> 2800000 | ... M16: =IF(M$6>=가정!$E$15,가정!$E$16,0) -> 2800000
A17: 총비용 | B17: =SUM(B13:B16) -> 750000 | C17: =SUM(C13:C16) -> 985000 | D17: =SUM(D13:D16) -> 1205900 | E17: =SUM(E13:E16) -> 1413546 | F17: =SUM(F13:F16) -> 1608733.2 | G17: =SUM(G13:G16) -> 1792209.2 | H17: =SUM(H13:H16) -> 4764676.7 | I17: =SUM(I13:I16) -> 4926796.1 | ... M17: =SUM(M13:M16) -> 5483665.4
A18: 월 이익 | B18: =B12-B17 -> 62500 | C18: =C12-C17 -> 591250 | D18: =D12-D17 -> 1088275 | E18: =E12-E17 -> 4524503 | F18: =F12-F17 -> 5598032.8 | G18: =G12-G17 -> 6607150.9 | H18: =H12-H17 -> 4755721.8 | I18: =I12-I17 -> 5647378.5 | ... M18: =M12-M17 -> 8710159.5
A19: 누적 이익 (초기투자 포함) | B19: =-가정!$E$17+B18 -> -1937500 | C19: =B19+C18 -> -1346250 | D19: =C19+D18 -> -257975 | E19: =D19+E18 -> 4266528 | F19: =E19+F18 -> 9864560.8 | G19: =F19+G18 -> 16471712 | H19: =G19+H18 -> 21227433 | I19: =H19+I18 -> 26874812 | J19: =I19+J18 -> 33360348 | ... M19: =L19+M18 -> 57357910
A21: 12개월 합계 매출 | B21: =SUM(B12:M12) -> 97947153
A22: 12개월 합계 이익 | B22: =SUM(B18:M18) -> 59357910
A23: 12개월째 월 매출 / 월 이익 | B23: =M12 -> 14193825 | C23: =M18 -> 8710159.5
A24: 12개월째 월 이익률 | B24: =IFERROR(M18/M12,0) -> 0.61365837
A25: 누적 손익분기 월 (투자 회수) | B25: =IFERROR(INDEX($B$6:$M$6,1,MATCH(TRUE(),INDEX($B$19:$M$19>=0,0),0))&"개월","12개월 안에 회수 못 함") -> 4개월

Sheet 시나리오_비교
A1: 3개 시나리오 한눈에 보기 (12개월째 단순 계산)
A2: 선택 시나리오와 무관하게 가정 시트의 3열을 각각 사용. 간이 계산: 월 매출 = 12개월째 고객 × ARPU.
A4: 항목 | B4: 보수 | C4: 기본 | D4: 낙관
A5: 12개월째 고객 수 (곳, 근사) | B5: =가정!B7*(1-(1-가정!B8)^12)/가정!B8 -> 7.1757046 | C5: =가정!C7*(1-(1-가정!C8)^12)/가정!C8 -> 21.836654 | D5: =가정!D7*(1-(1-가정!D8)^12)/가정!D8 -> 38.729024
A6: 12개월째 월 매출 (원) | B6: =B5*가정!B9 -> 3229067.1 | C6: =C5*가정!C9 -> 14193825 | D6: =D5*가정!D9 -> 30983219
A7: 12개월째 월 총비용 (원) | B7: =B5*가정!B12+가정!B13+가정!B14+가정!B16 -> 3961084.6 | C7: =C5*가정!C12+가정!C13+가정!C14+가정!C16 -> 5483665.4 | D7: =D5*가정!D12+가정!D13+가정!D14+가정!D16 -> 6985612.2
A8: 12개월째 월 이익 (원) | B8: =B6-B7 -> -732017.47 | C8: =C6-C7 -> 8710159.5 | D8: =D6-D7 -> 23997607
A9: 12개월째 월 이익률 | B9: =IFERROR(B8/B6,0) -> -0.22669627 | C9: =IFERROR(C8/C6,0) -> 0.61365837 | D9: =IFERROR(D8/D6,0) -> 0.77453563
A11: 주: 월 신규·이탈률이 일정하다는 가정의 폐쇄식 근사라, 수익성_12개월 시트와 값이 약간 다를 수 있습니다(시범 할인 미반영).

Sheet 두곳_제안
A1: 숯꾸이 · 가마솥 시범 제안 (가게 1곳당 단가·마진)
A2: 시범 3개월 가격. 시간·단가는 가정이며 파란 칸을 바꾸세요.
A4: 항목 | B4: 숯꾸이 (박닌) | C4: 가마솥 (하노이) | D4: 설명
A5: 패키지 | B5: 표준 | C5: 표준 | D5: 입력
A6: 월 가격 (원) — 정가 | B6: 700000 | C6: 700000 | D6: 30만/70만/150만 중 표준
A7: 시범 할인율 | B7: =가정!$E$11 -> 0.5 | C7: =가정!$E$11 -> 0.5 | D7: 가정 시트와 연동
A8: 시범 월 가격 (원) | B8: =B6*(1-B7) -> 350000 | C8: =C6*(1-C7) -> 350000
A9: 시범 월 가격 (VND) | B9: =B8*가정!$E$18 -> 6475000 | C9: =C8*가정!$E$18 -> 6475000 | D9: 환율 가정 적용
A10: 월 작업 시간 (h) | B10: 8 | C10: 8 | D10: 정적 페이지 정비 후엔 측정·보고 위주
A11: 시간당 원가 (원) | B11: 25000 | C11: 25000 | D11: 내부 인건비 가정
A12: 월 직접 원가 (원) | B12: =B10*B11+가정!$E$12 -> 300000 | C12: =C10*C11+가정!$E$12 -> 300000 | D12: 작업 + 고객당 변동비
A13: 월 마진 (원) — 시범가 | B13: =B8-B12 -> 50000 | C13: =C8-C12 -> 50000
A14: 월 마진 (원) — 정가 | B14: =B6-B12 -> 400000 | C14: =C6-C12 -> 400000 | D14: 시범 종료 후
A15: 정가 마진율 | B15: =IFERROR(B14/B6,0) -> 0.57142857 | C15: =IFERROR(C14/C6,0) -> 0.57142857
A16: 1회성 초기 정비 (원) — 제안 | B16: 1500000 | C16: 1500000 | D16: 정적 HTML·JSON-LD·도메인·지도 정비. 가정값
A18: 제안 순서
A19: 1) 두 가게 지도·리뷰·Foody 링크 받기 → 진단_체크리스트 빈칸 채우기
A20: 2) 질문테스트 11개를 4개 도구에서 직접 실행 (현재 노출률 기록)
A21: 3) 메뉴 정적 HTML화 + JSON-LD + sitemap/robots 적용 (기술 작업 약 1~2일/가게)
A22: 4) 4주 뒤 같은 질문 재실행 → 전·후 비교 보고서
